Date,Close
"1/1/2018, 23:58:00",8091.9
"2/1/2018, 23:58:00",8112.3
"3/1/2018, 23:58:00",8109.4
"4/1/2018, 23:58:00",8105.4
"5/1/2018, 23:58:00",8295
"8/1/2018, 23:58:00",8291
"9/1/2018, 23:58:00",8104.5
"10/1/2018, 23:58:00",8295
"11/1/2018, 23:58:00",8300
"12/1/2018, 23:58:00",8300
"13/1/2018, 23:58:00",8060
"15/1/2018, 23:58:00",8105.4
"16/1/2018, 23:58:00",8080.4
"17/1/2018, 23:58:00",8125.7
"18/1/2018, 23:58:00",8110.7
"19/1/2018, 23:58:00",8144.5
"20/1/2018, 23:58:00",8144.5
"22/1/2018, 23:58:00",8112.3
"23/1/2018, 23:58:00",8290
"24/1/2018, 23:58:00",8280
"25/1/2018, 23:58:00",8280
"26/1/2018, 23:58:00",8295
"29/1/2018, 23:58:00",8286
"30/1/2018, 23:58:00",8281
"31/1/2018, 23:58:00",8283
"1/2/2018, 23:58:00",8286
"2/2/2018, 23:58:00",8280
"5/2/2018, 23:58:00",8271
"6/2/2018, 23:58:00",8271
"7/2/2018, 23:58:00",8280
"8/2/2018, 23:58:00",8287
"9/2/2018, 23:58:00",8285
"12/2/2018, 23:58:00",8280
"13/2/2018, 23:58:00",8280
"14/2/2018, 23:58:00",8280
"15/2/2018, 23:58:00",8283
"16/2/2018, 23:58:00",8280
"19/2/2018, 23:58:00",8076
"20/2/2018, 23:58:00",8280
"21/2/2018, 23:58:00",8291
"22/2/2018, 23:58:00",8290
"23/2/2018, 23:58:00",8290
"24/2/2018, 23:58:00",8090.1
"25/2/2018, 23:58:00",8090.1
"26/2/2018, 23:58:00",8291
"27/2/2018, 23:58:00",8291
"28/2/2018, 23:58:00",8290
"1/3/2018, 23:58:00",8290
"2/3/2018, 23:58:00",8290
"5/3/2018, 23:58:00",8290
"6/3/2018, 23:58:00",8290
"7/3/2018, 23:58:00",8301
"8/3/2018, 23:58:00",8290
"9/3/2018, 23:58:00",8291
"12/3/2018, 23:58:00",8295
"13/3/2018, 23:58:00",8296
"14/3/2018, 23:58:00",8292
"15/3/2018, 23:58:00",8290
"16/3/2018, 23:58:00",8300
"19/3/2018, 23:58:00",8305
"20/3/2018, 23:58:00",8301
"21/3/2018, 23:58:00",8305
"22/3/2018, 23:58:00",8095
"23/3/2018, 23:58:00",8301
"24/3/2018, 23:58:00",8078.5
"26/3/2018, 23:58:00",8301
"27/3/2018, 23:58:00",8291
"28/3/2018, 23:58:00",8290
"29/3/2018, 23:58:00",8301
"30/3/2018, 23:58:00",8301
"1/4/2018, 23:58:00",8082.1
"2/4/2018, 23:58:00",8300
"3/4/2018, 23:58:00",8301
"4/4/2018, 23:58:00",8300
"5/4/2018, 23:58:00",8300
"6/4/2018, 23:58:00",8310
"9/4/2018, 23:58:00",8055.3
"10/4/2018, 23:58:00",8300
"11/4/2018, 23:58:00",8300
"12/4/2018, 23:58:00",8300
"13/4/2018, 23:58:00",8301
"16/4/2018, 23:58:00",8305
"17/4/2018, 23:58:00",8305
"18/4/2018, 23:58:00",8300
"19/4/2018, 23:58:00",8101.7
"20/4/2018, 23:58:00",8305
"21/4/2018, 23:58:00",8079.8
"23/4/2018, 23:58:00",8310
"24/4/2018, 23:58:00",8316
"25/4/2018, 23:58:00",8315
"26/4/2018, 23:58:00",8321
"27/4/2018, 23:58:00",8321
"30/4/2018, 23:58:00",8320
"1/5/2018, 23:58:00",8321
"2/5/2018, 23:58:00",8320
"3/5/2018, 23:58:00",8320
"4/5/2018, 23:58:00",8330
"5/5/2018, 23:58:00",8110
"7/5/2018, 23:58:00",8330
"8/5/2018, 23:58:00",8331
"9/5/2018, 23:58:00",8330
"10/5/2018, 23:58:00",8330
"11/5/2018, 23:58:00",8330
"13/5/2018, 23:58:00",8105.8
"14/5/2018, 23:58:00",8331
"15/5/2018, 23:58:00",8330
"16/5/2018, 23:58:00",8122.3
"17/5/2018, 23:58:00",8122.1
"18/5/2018, 23:58:00",8120.4
"19/5/2018, 23:58:00",8113.5
"21/5/2018, 23:58:00",8331
"22/5/2018, 23:58:00",8330
"23/5/2018, 23:58:00",8331
"24/5/2018, 23:58:00",8360
"25/5/2018, 23:58:00",8360
"28/5/2018, 23:58:00",8154.5
"29/5/2018, 23:58:00",8373
"30/5/2018, 23:58:00",8381
"31/5/2018, 23:58:00",8371
"1/6/2018, 23:58:00",8370
"2/6/2018, 23:58:00",8184.7
"4/6/2018, 23:58:00",8370
"5/6/2018, 23:58:00",8370
"6/6/2018, 23:58:00",8370
"7/6/2018, 23:58:00",8371
"8/6/2018, 23:58:00",8365
"9/6/2018, 23:58:00",8124.3
"11/6/2018, 23:58:00",8152
"12/6/2018, 23:58:00",8375
"13/6/2018, 23:58:00",8377
"14/6/2018, 23:58:00",8377
"15/6/2018, 23:58:00",8410
"18/6/2018, 23:58:00",8411
"19/6/2018, 23:58:00",8411
"20/6/2018, 23:58:00",8410
"21/6/2018, 23:58:00",8410
"22/6/2018, 23:58:00",8409
"25/6/2018, 23:58:00",8405
"26/6/2018, 23:58:00",8401
"27/6/2018, 23:58:00",8410
"28/6/2018, 23:58:00",8430
"29/6/2018, 23:58:00",8431
"2/7/2018, 23:58:00",8430
"3/7/2018, 23:58:00",8431
"4/7/2018, 23:58:00",8211.5
"5/7/2018, 23:58:00",8431
"6/7/2018, 23:58:00",8430
"7/7/2018, 23:58:00",8176.1
"9/7/2018, 23:58:00",8423
"10/7/2018, 23:58:00",8420
"11/7/2018, 23:58:00",8420
"12/7/2018, 23:58:00",8421
"13/7/2018, 23:58:00",8430
"16/7/2018, 23:58:00",8430
"17/7/2018, 23:58:00",8431
"18/7/2018, 23:58:00",8431
"19/7/2018, 23:58:00",8435
"20/7/2018, 23:58:00",8436
"21/7/2018, 23:58:00",8156.9
"22/7/2018, 23:58:00",8156.9
"23/7/2018, 23:58:00",8211.9
"24/7/2018, 23:58:00",8216.1
"25/7/2018, 23:58:00",8213
"26/7/2018, 23:58:00",8213.9
"27/7/2018, 23:58:00",8216.9
"30/7/2018, 23:58:00",8440
"31/7/2018, 23:58:00",8440
"1/8/2018, 23:58:00",8440
"2/8/2018, 23:58:00",8445
"3/8/2018, 23:58:00",8445
"6/8/2018, 23:58:00",8455
"7/8/2018, 23:58:00",8455
"8/8/2018, 23:58:00",8450
"9/8/2018, 23:58:00",8455
"10/8/2018, 23:58:00",8465
"13/8/2018, 23:58:00",8491
"14/8/2018, 23:58:00",8490
"15/8/2018, 23:58:00",8511
"16/8/2018, 23:58:00",8511
"17/8/2018, 23:58:00",8510
"20/8/2018, 23:58:00",8501
"21/8/2018, 23:58:00",8501
"22/8/2018, 23:58:00",8500
"23/8/2018, 23:58:00",8500
"24/8/2018, 23:58:00",8269.6
"27/8/2018, 23:58:00",8298.5
"28/8/2018, 23:58:00",8304.9
"29/8/2018, 23:58:00",8306.8
"30/8/2018, 23:58:00",8303.4
"31/8/2018, 23:58:00",8307.4
"3/9/2018, 23:58:00",8305.7
"4/9/2018, 23:58:00",8308.4
"5/9/2018, 23:58:00",8306.5
"6/9/2018, 23:58:00",8304.1
"7/9/2018, 23:58:00",8314.5
"10/9/2018, 23:58:00",8501
"11/9/2018, 23:58:00",8505
"12/9/2018, 23:58:00",8501
"13/9/2018, 23:58:00",8503
"14/9/2018, 23:58:00",8501
"17/9/2018, 23:58:00",8500
"18/9/2018, 23:58:00",8500
"19/9/2018, 23:58:00",8501
"20/9/2018, 23:58:00",8500
"21/9/2018, 23:58:00",8499
"22/9/2018, 23:58:00",8305.5
"24/9/2018, 23:58:00",8318.8
"25/9/2018, 23:58:00",8495
"26/9/2018, 23:58:00",8496
"27/9/2018, 23:58:00",8490
"28/9/2018, 23:58:00",8503
"1/10/2018, 23:58:00",8500
"2/10/2018, 23:58:00",8490
"3/10/2018, 23:58:00",8515
"4/10/2018, 23:58:00",8510
"5/10/2018, 23:58:00",8416
"6/10/2018, 23:58:00",8287.2
"7/10/2018, 23:58:00",8287.2
"8/10/2018, 23:58:00",8314.9
"9/10/2018, 23:58:00",8516
"10/10/2018, 23:58:00",8515
"11/10/2018, 23:58:00",8515
"12/10/2018, 23:58:00",8516
"15/10/2018, 23:58:00",8515
"16/10/2018, 23:58:00",8515
"17/10/2018, 23:58:00",8516
"18/10/2018, 23:58:00",8516
"19/10/2018, 23:58:00",8526
"22/10/2018, 23:58:00",8521
"23/10/2018, 23:58:00",8521
"24/10/2018, 23:58:00",8521
"25/10/2018, 23:58:00",8531
"26/10/2018, 23:58:00",8520
"28/10/2018, 23:58:00",8279.6
"29/10/2018, 23:58:00",8530
"30/10/2018, 23:58:00",8530
"31/10/2018, 23:58:00",8530
"1/11/2018, 23:58:00",8540
"2/11/2018, 23:58:00",8535
"5/11/2018, 23:58:00",8535
"6/11/2018, 23:58:00",8536
"7/11/2018, 23:58:00",8535
"8/11/2018, 23:58:00",8525
"9/11/2018, 23:58:00",8526
"12/11/2018, 23:58:00",8313.6
"13/11/2018, 23:58:00",8546
"14/11/2018, 23:58:00",8535
"15/11/2018, 23:58:00",8535
"16/11/2018, 23:58:00",8535
"17/11/2018, 23:58:00",8255.2
"19/11/2018, 23:58:00",8525
"20/11/2018, 23:58:00",8531
"21/11/2018, 23:58:00",8531
"22/11/2018, 23:58:00",8325.5
"23/11/2018, 23:58:00",8530
"24/11/2018, 23:58:00",8324.2
"26/11/2018, 23:58:00",8527
"27/11/2018, 23:58:00",8520
"28/11/2018, 23:58:00",8540
"29/11/2018, 23:58:00",8530
"30/11/2018, 23:58:00",8530
"1/12/2018, 23:58:00",8362.8
"3/12/2018, 23:58:00",8535
"4/12/2018, 23:58:00",8545
"5/12/2018, 23:58:00",8437
"6/12/2018, 23:58:00",8530
"7/12/2018, 23:58:00",8520
"10/12/2018, 23:58:00",8515
"11/12/2018, 23:58:00",8530
"12/12/2018, 23:58:00",8521
"13/12/2018, 23:58:00",8515
"14/12/2018, 23:58:00",8505
"17/12/2018, 23:58:00",8510
"18/12/2018, 23:58:00",8540
"19/12/2018, 23:58:00",8530
"20/12/2018, 23:58:00",8530
"21/12/2018, 23:58:00",8531
"24/12/2018, 23:58:00",8530
"25/12/2018, 23:58:00",8326
"26/12/2018, 23:58:00",8520
"27/12/2018, 23:58:00",8520
"28/12/2018, 23:58:00",8530
"29/12/2018, 23:58:00",8533
"31/12/2018, 23:58:00",8530
"1/1/2019, 23:58:00",8317.2
"2/1/2019, 23:58:00",8530
"3/1/2019, 23:58:00",8550
"4/1/2019, 23:58:00",8540
"7/1/2019, 23:58:00",8535
"8/1/2019, 23:58:00",8538
"9/1/2019, 23:58:00",8343.2
"10/1/2019, 23:58:00",8341.2
"11/1/2019, 23:58:00",8535
"14/1/2019, 23:58:00",8535
"15/1/2019, 23:58:00",8540
"16/1/2019, 23:58:00",8536
"17/1/2019, 23:58:00",8535
"18/1/2019, 23:58:00",8535
"21/1/2019, 23:58:00",8345.8
"22/1/2019, 23:58:00",8540
"23/1/2019, 23:58:00",8540
"24/1/2019, 23:58:00",8535
"25/1/2019, 23:58:00",8537
"26/1/2019, 23:58:00",8305
"28/1/2019, 23:58:00",8540
"29/1/2019, 23:58:00",8543
"30/1/2019, 23:58:00",8545
"31/1/2019, 23:58:00",8373.9
"1/2/2019, 23:58:00",8545
"4/2/2019, 23:58:00",8551
"5/2/2019, 23:58:00",8551
"6/2/2019, 23:58:00",8360.7
"7/2/2019, 23:58:00",8555
"8/2/2019, 23:58:00",8565
"9/2/2019, 23:58:00",8350.8
"11/2/2019, 23:58:00",8573
"12/2/2019, 23:58:00",8565
"13/2/2019, 23:58:00",8565
"14/2/2019, 23:58:00",8565
"15/2/2019, 23:58:00",8565
"16/2/2019, 23:58:00",8580
"17/2/2019, 23:58:00",8580
"18/2/2019, 23:58:00",8365.8
"19/2/2019, 23:58:00",8571
"20/2/2019, 23:58:00",8573
"21/2/2019, 23:58:00",8560
"22/2/2019, 23:58:00",8570
"23/2/2019, 23:58:00",8361.8
"24/2/2019, 23:58:00",8361.8
"25/2/2019, 23:58:00",8365.5
"26/2/2019, 23:58:00",8570
"27/2/2019, 23:58:00",8561
"28/2/2019, 23:58:00",8561
"1/3/2019, 23:58:00",8565
"2/3/2019, 23:58:00",8575
"3/3/2019, 23:58:00",8575
"4/3/2019, 23:58:00",8565
"5/3/2019, 23:58:00",8565
"6/3/2019, 23:58:00",8576
"7/3/2019, 23:58:00",8563
"8/3/2019, 23:58:00",8577
"9/3/2019, 23:58:00",8579.5
"10/3/2019, 23:58:00",8344
"11/3/2019, 23:58:00",8581
"12/3/2019, 23:58:00",8575
"13/3/2019, 23:58:00",8573
"14/3/2019, 23:58:00",8570
"15/3/2019, 23:58:00",8571
"16/3/2019, 23:58:00",8583.5
"17/3/2019, 23:58:00",8583.5
"18/3/2019, 23:58:00",8383
"19/3/2019, 23:58:00",8571
"20/3/2019, 23:58:00",8570
"21/3/2019, 23:58:00",8572
"22/3/2019, 23:58:00",8575
"23/3/2019, 23:58:00",8350.8
"24/3/2019, 23:58:00",8571.65
"25/3/2019, 23:58:00",8575
"26/3/2019, 23:58:00",8577
"27/3/2019, 23:58:00",8575
"28/3/2019, 23:58:00",8580
"29/3/2019, 23:58:00",8590
"30/3/2019, 23:58:00",8600
"31/3/2019, 23:58:00",8600
"1/4/2019, 23:58:00",8590
"2/4/2019, 23:58:00",8585
"3/4/2019, 23:58:00",8590
"4/4/2019, 23:58:00",8590
"5/4/2019, 23:58:00",8590
"6/4/2019, 23:58:00",8602.5
"7/4/2019, 23:58:00",8602.5
"8/4/2019, 23:58:00",8590
"9/4/2019, 23:58:00",8590
"10/4/2019, 23:58:00",8590
"11/4/2019, 23:58:00",8445.9
"12/4/2019, 23:58:00",8600
"13/4/2019, 23:58:00",8425.4
"14/4/2019, 23:58:00",8425.4
"15/4/2019, 23:58:00",8601
"16/4/2019, 23:58:00",8600
"17/4/2019, 23:58:00",8599
"18/4/2019, 23:58:00",8600
"19/4/2019, 23:58:00",8601
"20/4/2019, 23:58:00",8611
"21/4/2019, 23:58:00",8611
"22/4/2019, 23:58:00",8595
"23/4/2019, 23:58:00",8595
"24/4/2019, 23:58:00",8610
"25/4/2019, 23:58:00",8615
"26/4/2019, 23:58:00",8619
"27/4/2019, 23:58:00",8444.4
"28/4/2019, 23:58:00",8668.35
"29/4/2019, 23:58:00",8620
"30/4/2019, 23:58:00",8621
"1/5/2019, 23:58:00",8621
"2/5/2019, 23:58:00",8620
"3/5/2019, 23:58:00",8621
"4/5/2019, 23:58:00",8628.5
"5/5/2019, 23:58:00",8628.5
"6/5/2019, 23:58:00",8620
"7/5/2019, 23:58:00",8621
"8/5/2019, 23:58:00",8620
"9/5/2019, 23:58:00",8621
"10/5/2019, 23:58:00",8620
"11/5/2019, 23:58:00",8625
"12/5/2019, 23:58:00",8625
"13/5/2019, 23:58:00",8620
"14/5/2019, 23:58:00",8621
"15/5/2019, 23:58:00",8620
"16/5/2019, 23:58:00",8620
"17/5/2019, 23:58:00",8620
"18/5/2019, 23:58:00",8627.5
"19/5/2019, 23:58:00",8627.5
"20/5/2019, 23:58:00",8620
"21/5/2019, 23:58:00",8618
"22/5/2019, 23:58:00",8480.6
"23/5/2019, 23:58:00",8635
"24/5/2019, 23:58:00",8630
"25/5/2019, 23:58:00",8458.8
"26/5/2019, 23:58:00",8681.9
"27/5/2019, 23:58:00",8474.4
"28/5/2019, 23:58:00",8494.6
"29/5/2019, 23:58:00",8641
"30/5/2019, 23:58:00",8641
"31/5/2019, 23:58:00",8640
"1/6/2019, 23:58:00",8648
"2/6/2019, 23:58:00",8440.7
"3/6/2019, 23:58:00",8649
"4/6/2019, 23:58:00",8646
"5/6/2019, 23:58:00",8645
"6/6/2019, 23:58:00",8645
"7/6/2019, 23:58:00",8640
"8/6/2019, 23:58:00",8650
"9/6/2019, 23:58:00",8650
"10/6/2019, 23:58:00",8640
"11/6/2019, 23:58:00",8645
"12/6/2019, 23:58:00",8645
"13/6/2019, 23:58:00",8645
"14/6/2019, 23:58:00",8645
"15/6/2019, 23:58:00",8514.3
"16/6/2019, 23:58:00",8736.8
"17/6/2019, 23:58:00",8645
"18/6/2019, 23:58:00",8645
"19/6/2019, 23:58:00",8646
"20/6/2019, 23:58:00",8650
"21/6/2019, 23:58:00",8647
"22/6/2019, 23:58:00",8660
"23/6/2019, 23:58:00",8660
"24/6/2019, 23:58:00",8650
"25/6/2019, 23:58:00",8504.3
"26/6/2019, 23:58:00",8655
"27/6/2019, 23:58:00",8650
"28/6/2019, 23:58:00",8649
"29/6/2019, 23:58:00",8666
"30/6/2019, 23:58:00",8666
"1/7/2019, 23:58:00",8532
"2/7/2019, 23:58:00",8505.3
"3/7/2019, 23:58:00",8655
"4/7/2019, 23:58:00",8509.5
"5/7/2019, 23:58:00",8660
"6/7/2019, 23:58:00",8670
"7/7/2019, 23:58:00",8670
"8/7/2019, 23:58:00",8670
"9/7/2019, 23:58:00",8671
"10/7/2019, 23:58:00",8670
"11/7/2019, 23:58:00",8671
"12/7/2019, 23:58:00",8675
"13/7/2019, 23:58:00",8682.5
"14/7/2019, 23:58:00",8682.5
"15/7/2019, 23:58:00",8670
"16/7/2019, 23:58:00",8512.5
"17/7/2019, 23:58:00",8670
"18/7/2019, 23:58:00",8670
"19/7/2019, 23:58:00",8672
"20/7/2019, 23:58:00",8515.8
"21/7/2019, 23:58:00",8738.35
"22/7/2019, 23:58:00",8675
"23/7/2019, 23:58:00",8680
"24/7/2019, 23:58:00",8683
"25/7/2019, 23:58:00",8680
"26/7/2019, 23:58:00",8684
"27/7/2019, 23:58:00",8694
"28/7/2019, 23:58:00",8694
"29/7/2019, 23:58:00",8683
"30/7/2019, 23:58:00",8680
"31/7/2019, 23:58:00",8690
"1/8/2019, 23:58:00",8695
"2/8/2019, 23:58:00",8701
"3/8/2019, 23:58:00",8707
"4/8/2019, 23:58:00",8707
"5/8/2019, 23:58:00",8690
"6/8/2019, 23:58:00",8690
"7/8/2019, 23:58:00",8690
"8/8/2019, 23:58:00",8693
"9/8/2019, 23:58:00",8691
"10/8/2019, 23:58:00",8701
"11/8/2019, 23:58:00",8701
"12/8/2019, 23:58:00",8479.6
"13/8/2019, 23:58:00",8472.8
"14/8/2019, 23:58:00",8465
"15/8/2019, 23:58:00",8479.3
"16/8/2019, 23:58:00",8481.8
"17/8/2019, 23:58:00",8707.45
"18/8/2019, 23:58:00",8707.45
"19/8/2019, 23:58:00",8486.7
"20/8/2019, 23:58:00",8490
"21/8/2019, 23:58:00",8493.7
"22/8/2019, 23:58:00",8499.7
"23/8/2019, 23:58:00",8502.5
"24/8/2019, 23:58:00",8361.5
"25/8/2019, 23:58:00",8583.9
"26/8/2019, 23:58:00",8730
"27/8/2019, 23:58:00",8735
"28/8/2019, 23:58:00",8745
"29/8/2019, 23:58:00",8735
"30/8/2019, 23:58:00",8738
"31/8/2019, 23:58:00",8746.5
"1/9/2019, 23:58:00",8746.5
"2/9/2019, 23:58:00",8541.2
"3/9/2019, 23:58:00",8770
"4/9/2019, 23:58:00",8785
"5/9/2019, 23:58:00",8786
"6/9/2019, 23:58:00",8785
"7/9/2019, 23:58:00",8483.3
"8/9/2019, 23:58:00",8707.85
"9/9/2019, 23:58:00",8552.1
"10/9/2019, 23:58:00",8795
"11/9/2019, 23:58:00",8795
"12/9/2019, 23:58:00",8577.8
"13/9/2019, 23:58:00",8790
"14/9/2019, 23:58:00",8802.5
"15/9/2019, 23:58:00",8802.5
"16/9/2019, 23:58:00",8785
"17/9/2019, 23:58:00",8800
"18/9/2019, 23:58:00",8801
"19/9/2019, 23:58:00",8800
"20/9/2019, 23:58:00",8795
"21/9/2019, 23:58:00",8815
"22/9/2019, 23:58:00",8815
"23/9/2019, 23:58:00",8810
"24/9/2019, 23:58:00",8581.2
"25/9/2019, 23:58:00",8800
"26/9/2019, 23:58:00",8821
"27/9/2019, 23:58:00",8820
"28/9/2019, 23:58:00",8592.9
"29/9/2019, 23:58:00",8821.4
"30/9/2019, 23:58:00",8611.7
"1/10/2019, 23:58:00",8566.8
"2/10/2019, 23:58:00",8562.9
"3/10/2019, 23:58:00",8815
"4/10/2019, 23:58:00",8815
"5/10/2019, 23:58:00",8599.5
"6/10/2019, 23:58:00",8827.2
"7/10/2019, 23:58:00",8815
"8/10/2019, 23:58:00",8818
"9/10/2019, 23:58:00",8821
"10/10/2019, 23:58:00",8815
"11/10/2019, 23:58:00",8815
"12/10/2019, 23:58:00",8822.5
"13/10/2019, 23:58:00",8595.65
"14/10/2019, 23:58:00",8597.103
"15/10/2019, 23:58:00",8810
"16/10/2019, 23:58:00",8810
"17/10/2019, 23:58:00",8815
"18/10/2019, 23:58:00",8815
"19/10/2019, 23:58:00",8825
"20/10/2019, 23:58:00",8825
"21/10/2019, 23:58:00",8815
"22/10/2019, 23:58:00",8820
"23/10/2019, 23:58:00",8820
"24/10/2019, 23:58:00",8825
"25/10/2019, 23:58:00",8830
"26/10/2019, 23:58:00",8840
"27/10/2019, 23:58:00",8840
"28/10/2019, 23:58:00",8831
"29/10/2019, 23:58:00",8841
"30/10/2019, 23:58:00",8841
"31/10/2019, 23:58:00",8840
"1/11/2019, 23:58:00",8615.314
"2/11/2019, 23:58:00",8839.417
"3/11/2019, 23:58:00",8839.417
"4/11/2019, 23:58:00",8838
"5/11/2019, 23:58:00",8840
"6/11/2019, 23:58:00",8845
"7/11/2019, 23:58:00",8835
"8/11/2019, 23:58:00",8840
"9/11/2019, 23:58:00",8860
"10/11/2019, 23:58:00",8860
"11/11/2019, 23:58:00",8845
"12/11/2019, 23:58:00",8840
"13/11/2019, 23:58:00",8843
"14/11/2019, 23:58:00",8845
"15/11/2019, 23:58:00",8850
"16/11/2019, 23:58:00",8612.742
"17/11/2019, 23:58:00",8838.96
"18/11/2019, 23:58:00",8847
"19/11/2019, 23:58:00",8850
"20/11/2019, 23:58:00",8851
"21/11/2019, 23:58:00",8845
"22/11/2019, 23:58:00",8841
"23/11/2019, 23:58:00",8861
"24/11/2019, 23:58:00",8861
"25/11/2019, 23:58:00",8840
"26/11/2019, 23:58:00",8841
"27/11/2019, 23:58:00",8860
"28/11/2019, 23:58:00",8638.717
"29/11/2019, 23:58:00",8859
"30/11/2019, 23:58:00",8621.048
"1/12/2019, 23:58:00",8847.946
"2/12/2019, 23:58:00",8858
"3/12/2019, 23:58:00",8859
"4/12/2019, 23:58:00",8860
"5/12/2019, 23:58:00",8861
"6/12/2019, 23:58:00",8855
"7/12/2019, 23:58:00",8870
"8/12/2019, 23:58:00",8870
"9/12/2019, 23:58:00",8860
"10/12/2019, 23:58:00",8864
"11/12/2019, 23:58:00",8870
"12/12/2019, 23:58:00",8866
"13/12/2019, 23:58:00",8865
"14/12/2019, 23:58:00",8875
"15/12/2019, 23:58:00",8875
"16/12/2019, 23:58:00",8860
"17/12/2019, 23:58:00",8652.056
"18/12/2019, 23:58:00",8855
"19/12/2019, 23:58:00",8865
"20/12/2019, 23:58:00",8855
"21/12/2019, 23:58:00",8875
"22/12/2019, 23:58:00",8875
"23/12/2019, 23:58:00",8880
"24/12/2019, 23:58:00",8875
"25/12/2019, 23:58:00",8641.407
"26/12/2019, 23:58:00",8870
"27/12/2019, 23:58:00",8875
"28/12/2019, 23:58:00",8885
"29/12/2019, 23:58:00",8885
"30/12/2019, 23:58:00",8870
"31/12/2019, 23:58:00",8870
"1/1/2020, 23:58:00",8706.772
"2/1/2020, 23:58:00",8865
"3/1/2020, 23:58:00",8870
"4/1/2020, 23:58:00",8885
"5/1/2020, 23:58:00",8885
"6/1/2020, 23:58:00",8871
"7/1/2020, 23:58:00",8870
"8/1/2020, 23:58:00",8875
"9/1/2020, 23:58:00",8865
"10/1/2020, 23:58:00",8870
"11/1/2020, 23:58:00",8638.759
"12/1/2020, 23:58:00",8638.759
"13/1/2020, 23:58:00",8875
"14/1/2020, 23:58:00",8870
"15/1/2020, 23:58:00",8870
"16/1/2020, 23:58:00",8872
"17/1/2020, 23:58:00",8651.72
"18/1/2020, 23:58:00",8876.681
"19/1/2020, 23:58:00",8876.681
"20/1/2020, 23:58:00",8875
"21/1/2020, 23:58:00",8870
"22/1/2020, 23:58:00",8875
"23/1/2020, 23:58:00",8875
"24/1/2020, 23:58:00",8855
"25/1/2020, 23:58:00",8880
"26/1/2020, 23:58:00",8880
"27/1/2020, 23:58:00",8875
"28/1/2020, 23:58:00",8875
"29/1/2020, 23:58:00",8875
"30/1/2020, 23:58:00",8870
"31/1/2020, 23:58:00",8860
"1/2/2020, 23:58:00",8885
"2/2/2020, 23:58:00",8885
"3/2/2020, 23:58:00",8662.91
"4/2/2020, 23:58:00",8875
"5/2/2020, 23:58:00",8875
"6/2/2020, 23:58:00",8877
"7/2/2020, 23:58:00",8880
"8/2/2020, 23:58:00",8895
"9/2/2020, 23:58:00",8895
"10/2/2020, 23:58:00",8880
"11/2/2020, 23:58:00",8880
"12/2/2020, 23:58:00",8662.9
"13/2/2020, 23:58:00",8880
"14/2/2020, 23:58:00",8870
"15/2/2020, 23:58:00",8895
"16/2/2020, 23:58:00",8895
"17/2/2020, 23:58:00",8895
"18/2/2020, 23:58:00",8890
"19/2/2020, 23:58:00",8891
"20/2/2020, 23:58:00",8890
"21/2/2020, 23:58:00",8893
"22/2/2020, 23:58:00",8908
"23/2/2020, 23:58:00",8908
"24/2/2020, 23:58:00",8890
"25/2/2020, 23:58:00",8880
"26/2/2020, 23:58:00",8889
"27/2/2020, 23:58:00",8890
"28/2/2020, 23:58:00",8893
"29/2/2020, 23:58:00",8912
"1/3/2020, 23:58:00",8912
"2/3/2020, 23:58:00",8890
"3/3/2020, 23:58:00",8891
"4/3/2020, 23:58:00",8875
"5/3/2020, 23:58:00",8885
"6/3/2020, 23:58:00",8880
"7/3/2020, 23:58:00",8885
"8/3/2020, 23:58:00",8900
"9/3/2020, 23:58:00",8880
"10/3/2020, 23:58:00",8880
"11/3/2020, 23:58:00",8722.792
"12/3/2020, 23:58:00",8870
"13/3/2020, 23:58:00",8886
"14/3/2020, 23:58:00",8903.5
"15/3/2020, 23:58:00",8903.5
"16/3/2020, 23:58:00",8885
"17/3/2020, 23:58:00",8664.105
"18/3/2020, 23:58:00",8900
"19/3/2020, 23:58:00",8905
"20/3/2020, 23:58:00",8925
"21/3/2020, 23:58:00",8940
"22/3/2020, 23:58:00",8940
"23/3/2020, 23:58:00",8920
"24/3/2020, 23:58:00",8920
"25/3/2020, 23:58:00",8925
"26/3/2020, 23:58:00",8912
"27/3/2020, 23:58:00",8921
"28/3/2020, 23:58:00",8942
"29/3/2020, 23:58:00",8607.91
"30/3/2020, 23:58:00",8920
"31/3/2020, 23:58:00",8915
"1/4/2020, 23:58:00",8905
"2/4/2020, 23:58:00",8919
"3/4/2020, 23:58:00",8925
"4/4/2020, 23:58:00",8955
"5/4/2020, 23:58:00",8955
"6/4/2020, 23:58:00",8932
"7/4/2020, 23:58:00",8945
"8/4/2020, 23:58:00",8952
"9/4/2020, 23:58:00",8950
"10/4/2020, 23:58:00",8940
"11/4/2020, 23:58:00",8965
"12/4/2020, 23:58:00",8965
"13/4/2020, 23:58:00",8945
"14/4/2020, 23:58:00",8940
"15/4/2020, 23:58:00",8943
"16/4/2020, 23:58:00",8955
"17/4/2020, 23:58:00",8950
"18/4/2020, 23:58:00",8707.954
"19/4/2020, 23:58:00",8937.839
"20/4/2020, 23:58:00",8955
"21/4/2020, 23:58:00",8950
"22/4/2020, 23:58:00",8955
"23/4/2020, 23:58:00",8655
"24/4/2020, 23:58:00",8955
"25/4/2020, 23:58:00",8977.5
"26/4/2020, 23:58:00",8977.5
"27/4/2020, 23:58:00",8965
"28/4/2020, 23:58:00",8976
"29/4/2020, 23:58:00",8960
"30/4/2020, 23:58:00",8955
"1/5/2020, 23:58:00",8950
"2/5/2020, 23:58:00",8985
"3/5/2020, 23:58:00",8985
"4/5/2020, 23:58:00",8942
"5/5/2020, 23:58:00",8945
"6/5/2020, 23:58:00",8945
"7/5/2020, 23:58:00",8985
"8/5/2020, 23:58:00",8980
"9/5/2020, 23:58:00",9005
"10/5/2020, 23:58:00",9005
"11/5/2020, 23:58:00",8983
"12/5/2020, 23:58:00",8985
"13/5/2020, 23:58:00",8987
"14/5/2020, 23:58:00",8981
"15/5/2020, 23:58:00",8980
"16/5/2020, 23:58:00",9005
"17/5/2020, 23:58:00",9005
"18/5/2020, 23:58:00",8985
"19/5/2020, 23:58:00",8980
"20/5/2020, 23:58:00",8980
"21/5/2020, 23:58:00",8983
"22/5/2020, 23:58:00",8985
"23/5/2020, 23:58:00",9007.5
"24/5/2020, 23:58:00",9007.5
"25/5/2020, 23:58:00",8769.349
"26/5/2020, 23:58:00",8990
"27/5/2020, 23:58:00",8991
"28/5/2020, 23:58:00",8991
"29/5/2020, 23:58:00",8995
"30/5/2020, 23:58:00",9015
"31/5/2020, 23:58:00",9015
"1/6/2020, 23:58:00",8990
"2/6/2020, 23:58:00",8995
"3/6/2020, 23:58:00",8991
"4/6/2020, 23:58:00",8991
"5/6/2020, 23:58:00",8990
"6/6/2020, 23:58:00",9010
"7/6/2020, 23:58:00",9010
"8/6/2020, 23:58:00",8990
"9/6/2020, 23:58:00",8991
"10/6/2020, 23:58:00",8991
"11/6/2020, 23:58:00",8990
"12/6/2020, 23:58:00",8991
"13/6/2020, 23:58:00",9010
"14/6/2020, 23:58:00",9010
"15/6/2020, 23:58:00",8991
"16/6/2020, 23:58:00",8990
"17/6/2020, 23:58:00",8986
"18/6/2020, 23:58:00",9015
"19/6/2020, 23:58:00",9012
"20/6/2020, 23:58:00",9027
"21/6/2020, 23:58:00",9027
"22/6/2020, 23:58:00",9016
"23/6/2020, 23:58:00",9016
"24/6/2020, 23:58:00",9015
"25/6/2020, 23:58:00",9025
"26/6/2020, 23:58:00",9026
"27/6/2020, 23:58:00",9041
"28/6/2020, 23:58:00",9041
"29/6/2020, 23:58:00",9025
"30/6/2020, 23:58:00",9025
"1/7/2020, 23:58:00",9020
"2/7/2020, 23:58:00",9025
"3/7/2020, 23:58:00",9028
"4/7/2020, 23:58:00",9043
"5/7/2020, 23:58:00",9043
"6/7/2020, 23:58:00",9025
"7/7/2020, 23:58:00",9028
"8/7/2020, 23:58:00",9035
"9/7/2020, 23:58:00",9035
"10/7/2020, 23:58:00",9042
"11/7/2020, 23:58:00",8818.769
"12/7/2020, 23:58:00",8818.769
"13/7/2020, 23:58:00",9045
"14/7/2020, 23:58:00",9035
"15/7/2020, 23:58:00",9040
"16/7/2020, 23:58:00",9035
"17/7/2020, 23:58:00",9050
"19/7/2020, 23:58:00",9065
"20/7/2020, 23:58:00",9041
"21/7/2020, 23:58:00",9040
"22/7/2020, 23:58:00",9045
"23/7/2020, 23:58:00",9045
"24/7/2020, 23:58:00",9050
"25/7/2020, 23:58:00",9070
"26/7/2020, 23:58:00",9070
"27/7/2020, 23:58:00",9045
"28/7/2020, 23:58:00",9050
"29/7/2020, 23:58:00",9051
"30/7/2020, 23:58:00",9051
"31/7/2020, 23:58:00",9055
"1/8/2020, 23:58:00",9070
"2/8/2020, 23:58:00",9070
"3/8/2020, 23:58:00",9050
"4/8/2020, 23:58:00",9051
"5/8/2020, 23:58:00",8855.442
"6/8/2020, 23:58:00",9050
"7/8/2020, 23:58:00",9055
"8/8/2020, 23:58:00",8885.006
"9/8/2020, 23:58:00",9097.07
"10/8/2020, 23:58:00",9059
"11/8/2020, 23:58:00",9080
"12/8/2020, 23:58:00",9075
"13/8/2020, 23:58:00",9080
"14/8/2020, 23:58:00",8867.414
"15/8/2020, 23:58:00",9079.057
"16/8/2020, 23:58:00",9079.057
"17/8/2020, 23:58:00",9070
"18/8/2020, 23:58:00",9082
"19/8/2020, 23:58:00",8870.837
"20/8/2020, 23:58:00",8887.865
"21/8/2020, 23:58:00",8920.883
"22/8/2020, 23:58:00",9132.799
"23/8/2020, 23:58:00",9132.799
"24/8/2020, 23:58:00",8890.852
"25/8/2020, 23:58:00",8886.672
"26/8/2020, 23:58:00",8885.542
"27/8/2020, 23:58:00",8890.235
"28/8/2020, 23:58:00",8932.068
"29/8/2020, 23:58:00",9142.084
"30/8/2020, 23:58:00",9142.084
"31/8/2020, 23:58:00",8884.707
"1/9/2020, 23:58:00",8889.556
"2/9/2020, 23:58:00",8890.107
"3/9/2020, 23:58:00",9100
"4/9/2020, 23:58:00",9105
"5/9/2020, 23:58:00",9125
"6/9/2020, 23:58:00",9125
"7/9/2020, 23:58:00",8896.579
"8/9/2020, 23:58:00",9100
"9/9/2020, 23:58:00",9110
"10/9/2020, 23:58:00",9110
"11/9/2020, 23:58:00",9115
"12/9/2020, 23:58:00",9130
"13/9/2020, 23:58:00",9130
"14/9/2020, 23:58:00",9100
"15/9/2020, 23:58:00",9105
"16/9/2020, 23:58:00",9110
"17/9/2020, 23:58:00",9116
"18/9/2020, 23:58:00",9110
"19/9/2020, 23:58:00",9125
"20/9/2020, 23:58:00",9125
"21/9/2020, 23:58:00",9115
"22/9/2020, 23:58:00",9156
"23/9/2020, 23:58:00",9115
"24/9/2020, 23:58:00",8906.768
"25/9/2020, 23:58:00",9215
"26/9/2020, 23:58:00",9230
"27/9/2020, 23:58:00",9230
"28/9/2020, 23:58:00",9210
"29/9/2020, 23:58:00",9210
"30/9/2020, 23:58:00",9215
"1/10/2020, 23:58:00",9215
"2/10/2020, 23:58:00",9215
"3/10/2020, 23:58:00",9235
"4/10/2020, 23:58:00",9235
"5/10/2020, 23:58:00",9210
"6/10/2020, 23:58:00",9210
"7/10/2020, 23:58:00",8999.533
"8/10/2020, 23:58:00",9214
"9/10/2020, 23:58:00",9210
"10/10/2020, 23:58:00",9230
"11/10/2020, 23:58:00",9230
"12/10/2020, 23:58:00",9017.563
"13/10/2020, 23:58:00",9215
"14/10/2020, 23:58:00",9225
"15/10/2020, 23:58:00",9226
"16/10/2020, 23:58:00",9225
"17/10/2020, 23:58:00",9245
"18/10/2020, 23:58:00",9245
"19/10/2020, 23:58:00",9225
"20/10/2020, 23:58:00",9227
"21/10/2020, 23:58:00",9225
"22/10/2020, 23:58:00",9240
"23/10/2020, 23:58:00",9240
"24/10/2020, 23:58:00",9255
"25/10/2020, 23:58:00",9255
"26/10/2020, 23:58:00",9242
"27/10/2020, 23:58:00",9245
"28/10/2020, 23:58:00",9246
"29/10/2020, 23:58:00",9102.641
"30/10/2020, 23:58:00",9240
"31/10/2020, 23:58:00",9255
"1/11/2020, 23:58:00",9255
"2/11/2020, 23:58:00",9243
"3/11/2020, 23:58:00",9240
"4/11/2020, 23:58:00",9260
"5/11/2020, 23:58:00",9265
"6/11/2020, 23:58:00",9255
"7/11/2020, 23:58:00",9275
"8/11/2020, 23:58:00",9275
"9/11/2020, 23:58:00",9235
"10/11/2020, 23:58:00",9235
"11/11/2020, 23:58:00",9057.231
"12/11/2020, 23:58:00",9265
"13/11/2020, 23:58:00",9260
"14/11/2020, 23:58:00",9280
"15/11/2020, 23:58:00",9280
"16/11/2020, 23:58:00",9255
"17/11/2020, 23:58:00",9240
"18/11/2020, 23:58:00",9260
"19/11/2020, 23:58:00",9260
"20/11/2020, 23:58:00",9270
"21/11/2020, 23:58:00",9285
"22/11/2020, 23:58:00",9285
"23/11/2020, 23:58:00",9265
"24/11/2020, 23:58:00",9265
"25/11/2020, 23:58:00",9262
"26/11/2020, 23:58:00",9066.221
"27/11/2020, 23:58:00",9263
"28/11/2020, 23:58:00",9288
"29/11/2020, 23:58:00",9288
"30/11/2020, 23:58:00",9260
"1/12/2020, 23:58:00",9260
"2/12/2020, 23:58:00",9250
"3/12/2020, 23:58:00",9260
"4/12/2020, 23:58:00",9270
"5/12/2020, 23:58:00",9285
"6/12/2020, 23:58:00",9285
"7/12/2020, 23:58:00",9270
"8/12/2020, 23:58:00",9272
"9/12/2020, 23:58:00",9265
"10/12/2020, 23:58:00",9270
"11/12/2020, 23:58:00",9275
"12/12/2020, 23:58:00",9295
"13/12/2020, 23:58:00",9295
"14/12/2020, 23:58:00",9270
"15/12/2020, 23:58:00",9275
"16/12/2020, 23:58:00",9265
"17/12/2020, 23:58:00",9273
"18/12/2020, 23:58:00",9270
"19/12/2020, 23:58:00",9290
"20/12/2020, 23:58:00",9290
"21/12/2020, 23:58:00",9270
"22/12/2020, 23:58:00",9273
"23/12/2020, 23:58:00",9270
"24/12/2020, 23:58:00",9280
"25/12/2020, 23:58:00",9086.144
"26/12/2020, 23:58:00",9291.228
"27/12/2020, 23:58:00",9291.228
"28/12/2020, 23:58:00",9275
"29/12/2020, 23:58:00",9280
"30/12/2020, 23:58:00",9275
"31/12/2020, 23:58:00",9285
"1/1/2021, 23:58:00",9136.354
"2/1/2021, 23:58:00",9341.029
"3/1/2021, 23:58:00",9341.029
"4/1/2021, 23:58:00",9290
"5/1/2021, 23:58:00",9280
"6/1/2021, 23:58:00",9280
"7/1/2021, 23:58:00",9285
"8/1/2021, 23:58:00",9290
"9/1/2021, 23:58:00",9111.084
"10/1/2021, 23:58:00",9315.583
"11/1/2021, 23:58:00",9285
"12/1/2021, 23:58:00",9300
"13/1/2021, 23:58:00",9290
"14/1/2021, 23:58:00",9295
"15/1/2021, 23:58:00",9300
"16/1/2021, 23:58:00",9142.017
"17/1/2021, 23:58:00",9348.98
"18/1/2021, 23:58:00",9109.018
"19/1/2021, 23:58:00",9305
"20/1/2021, 23:58:00",9317
"21/1/2021, 23:58:00",9315
"22/1/2021, 23:58:00",9310
"23/1/2021, 23:58:00",9325
"24/1/2021, 23:58:00",9325
"25/1/2021, 23:58:00",9315
"26/1/2021, 23:58:00",9317
"27/1/2021, 23:58:00",9320
"28/1/2021, 23:58:00",9320
"29/1/2021, 23:58:00",9320
"30/1/2021, 23:58:00",9335
"31/1/2021, 23:58:00",9335
"1/2/2021, 23:58:00",9321
"2/2/2021, 23:58:00",9320
"3/2/2021, 23:58:00",9329
"4/2/2021, 23:58:00",9325
"5/2/2021, 23:58:00",9340
"6/2/2021, 23:58:00",9345
"7/2/2021, 23:58:00",9345
"8/2/2021, 23:58:00",9335
"9/2/2021, 23:58:00",9330
"10/2/2021, 23:58:00",9340
"11/2/2021, 23:58:00",9334
"12/2/2021, 23:58:00",9330
"13/2/2021, 23:58:00",9345
"14/2/2021, 23:58:00",9345
"15/2/2021, 23:58:00",9134.623
"16/2/2021, 23:58:00",9324
"17/2/2021, 23:58:00",9330
"18/2/2021, 23:58:00",9343
"19/2/2021, 23:58:00",9340
"20/2/2021, 23:58:00",9152.147
"21/2/2021, 23:58:00",9358.447
"22/2/2021, 23:58:00",9335
"23/2/2021, 23:58:00",9335
"24/2/2021, 23:58:00",9340
"25/2/2021, 23:58:00",9136.341
"26/2/2021, 23:58:00",9134.876
"27/2/2021, 23:58:00",9341.31
"28/2/2021, 23:58:00",9341.31
"1/3/2021, 23:58:00",9350
"2/3/2021, 23:58:00",9350
"3/3/2021, 23:58:00",9345
"4/3/2021, 23:58:00",9355
"5/3/2021, 23:58:00",9350
"6/3/2021, 23:58:00",9365
"7/3/2021, 23:58:00",9365
"8/3/2021, 23:58:00",9349
"9/3/2021, 23:58:00",9365
"10/3/2021, 23:58:00",9370
"11/3/2021, 23:58:00",9370
"12/3/2021, 23:58:00",9365
"13/3/2021, 23:58:00",9380
"14/3/2021, 23:58:00",9129.316
"15/3/2021, 23:58:00",9366
"16/3/2021, 23:58:00",9365
"17/3/2021, 23:58:00",9360
"18/3/2021, 23:58:00",9370
"19/3/2021, 23:58:00",9370
"20/3/2021, 23:58:00",9385
"21/3/2021, 23:58:00",9190.869
"22/3/2021, 23:58:00",9370
"23/3/2021, 23:58:00",9365
"24/3/2021, 23:58:00",9380
"25/3/2021, 23:58:00",9385
"26/3/2021, 23:58:00",9390
"27/3/2021, 23:58:00",9400
"28/3/2021, 23:58:00",9400
"29/3/2021, 23:58:00",9380
"30/3/2021, 23:58:00",9385
"31/3/2021, 23:58:00",9383
"1/4/2021, 23:58:00",9385
"2/4/2021, 23:58:00",9380
"3/4/2021, 23:58:00",9400
"4/4/2021, 23:58:00",9400
"5/4/2021, 23:58:00",9178.178
"6/4/2021, 23:58:00",9190.769
"7/4/2021, 23:58:00",9215.937
"8/4/2021, 23:58:00",9190.896
"9/4/2021, 23:58:00",9185.328
"10/4/2021, 23:58:00",9400
"11/4/2021, 23:58:00",9415
"12/4/2021, 23:58:00",9402
"13/4/2021, 23:58:00",9400
"14/4/2021, 23:58:00",9400
"15/4/2021, 23:58:00",9400
"16/4/2021, 23:58:00",9393
"17/4/2021, 23:58:00",9221.704
"18/4/2021, 23:58:00",9225.439
"19/4/2021, 23:58:00",9400
"20/4/2021, 23:58:00",9400
"21/4/2021, 23:58:00",9402
"22/4/2021, 23:58:00",9403
"23/4/2021, 23:58:00",9405
"24/4/2021, 23:58:00",9185.304
"25/4/2021, 23:58:00",9391.964
"26/4/2021, 23:58:00",9404
"27/4/2021, 23:58:00",9390
"28/4/2021, 23:58:00",9395
"29/4/2021, 23:58:00",9400
"30/4/2021, 23:58:00",9395
"1/5/2021, 23:58:00",9244.964
"2/5/2021, 23:58:00",9452.951
"3/5/2021, 23:58:00",9400
"4/5/2021, 23:58:00",9405
"5/5/2021, 23:58:00",9403
"6/5/2021, 23:58:00",9400
"7/5/2021, 23:58:00",9405
"8/5/2021, 23:58:00",9148.459
"9/5/2021, 23:58:00",9353.997
"10/5/2021, 23:58:00",9390
"11/5/2021, 23:58:00",9390
"12/5/2021, 23:58:00",9415
"13/5/2021, 23:58:00",9420
"14/5/2021, 23:58:00",9425
"15/5/2021, 23:58:00",9440
"16/5/2021, 23:58:00",9440
"17/5/2021, 23:58:00",9415
"18/5/2021, 23:58:00",9425
"19/5/2021, 23:58:00",9420
"20/5/2021, 23:58:00",9414
"21/5/2021, 23:58:00",9420
"22/5/2021, 23:58:00",9440
"23/5/2021, 23:58:00",9440
"24/5/2021, 23:58:00",9423
"25/5/2021, 23:58:00",9430
"26/5/2021, 23:58:00",9430
"27/5/2021, 23:58:00",9425
"28/5/2021, 23:58:00",9425
"29/5/2021, 23:58:00",9445
"30/5/2021, 23:58:00",9445
"31/5/2021, 23:58:00",9240.759
"1/6/2021, 23:58:00",9430
"2/6/2021, 23:58:00",9435
"3/6/2021, 23:58:00",9420
"4/6/2021, 23:58:00",9425
"5/6/2021, 23:58:00",9450
"6/6/2021, 23:58:00",9450
"7/6/2021, 23:58:00",9425
"8/6/2021, 23:58:00",9430
"9/6/2021, 23:58:00",9450
"10/6/2021, 23:58:00",9440
"11/6/2021, 23:58:00",9435
"12/6/2021, 23:58:00",9460
"13/6/2021, 23:58:00",9460
"14/6/2021, 23:58:00",9425
"15/6/2021, 23:58:00",9445
"16/6/2021, 23:58:00",9442
"17/6/2021, 23:58:00",9445
"18/6/2021, 23:58:00",9445
"19/6/2021, 23:58:00",9465
"20/6/2021, 23:58:00",9465
"21/6/2021, 23:58:00",9460
"22/6/2021, 23:58:00",9463
"23/6/2021, 23:58:00",9470
"24/6/2021, 23:58:00",9470
"25/6/2021, 23:58:00",9473
"26/6/2021, 23:58:00",9493
"27/6/2021, 23:58:00",9270.466
"28/6/2021, 23:58:00",9470
"29/6/2021, 23:58:00",9473
"30/6/2021, 23:58:00",9480
"1/7/2021, 23:58:00",9485
"2/7/2021, 23:58:00",9480
"3/7/2021, 23:58:00",9245.091
"4/7/2021, 23:58:00",9455.794
"5/7/2021, 23:58:00",9273.633
"6/7/2021, 23:58:00",9480
"7/7/2021, 23:58:00",9480
"8/7/2021, 23:58:00",9490
"9/7/2021, 23:58:00",9485
"10/7/2021, 23:58:00",9265.471
"11/7/2021, 23:58:00",9475.962
"12/7/2021, 23:58:00",9490
"13/7/2021, 23:58:00",9485
"14/7/2021, 23:58:00",9500
"15/7/2021, 23:58:00",9500
"16/7/2021, 23:58:00",9306.003
"17/7/2021, 23:58:00",9302.692
"18/7/2021, 23:58:00",9514.459
"19/7/2021, 23:58:00",9288.497
"20/7/2021, 23:58:00",9521
"21/7/2021, 23:58:00",9540
"22/7/2021, 23:58:00",9535
"23/7/2021, 23:58:00",9545
"24/7/2021, 23:58:00",9335.333
"25/7/2021, 23:58:00",9547.714
"26/7/2021, 23:58:00",9540
"27/7/2021, 23:58:00",9550
"28/7/2021, 23:58:00",9545
"29/7/2021, 23:58:00",9338.01
"30/7/2021, 23:58:00",9336.336
"31/7/2021, 23:58:00",9546.383
"1/8/2021, 23:58:00",9546.383
"2/8/2021, 23:58:00",9545
"3/8/2021, 23:58:00",9545
"4/8/2021, 23:58:00",9550
"5/8/2021, 23:58:00",9555
"6/8/2021, 23:58:00",9349.349
"7/8/2021, 23:58:00",9382.97
"8/8/2021, 23:58:00",9382.97
"9/8/2021, 23:58:00",9363.389
"10/8/2021, 23:58:00",9371.945
"11/8/2021, 23:58:00",9373.02
"12/8/2021, 23:58:00",9368.693
"13/8/2021, 23:58:00",9375.617
"14/8/2021, 23:58:00",9588.368
"15/8/2021, 23:58:00",9588.368
"16/8/2021, 23:58:00",9372.745
"17/8/2021, 23:58:00",9374.333
"18/8/2021, 23:58:00",9374.709
"19/8/2021, 23:58:00",9370.995
"20/8/2021, 23:58:00",9595
"21/8/2021, 23:58:00",9361.802
"22/8/2021, 23:58:00",9361.802
"23/8/2021, 23:58:00",9590
"24/8/2021, 23:58:00",9585
"25/8/2021, 23:58:00",9565
"26/8/2021, 23:58:00",9585
"27/8/2021, 23:58:00",9373.578
"28/8/2021, 23:58:00",9586.17
"29/8/2021, 23:58:00",9586.17
"30/8/2021, 23:58:00",9348.83
"31/8/2021, 23:58:00",9365.382
"1/9/2021, 23:58:00",9371.856
"2/9/2021, 23:58:00",9378.62
"3/9/2021, 23:58:00",9367.928
"4/9/2021, 23:58:00",9578.492
"5/9/2021, 23:58:00",9578.492
"6/9/2021, 23:58:00",9369.685
"7/9/2021, 23:58:00",9372.31
"8/9/2021, 23:58:00",9370.386
"9/9/2021, 23:58:00",9374.971
"10/9/2021, 23:58:00",9372.055
"11/9/2021, 23:58:00",9583.356
"12/9/2021, 23:58:00",9583.356
"13/9/2021, 23:58:00",9585
"14/9/2021, 23:58:00",9590
"15/9/2021, 23:58:00",9575
"16/9/2021, 23:58:00",9585
"17/9/2021, 23:58:00",9585
"18/9/2021, 23:58:00",9605
"19/9/2021, 23:58:00",9605
"20/9/2021, 23:58:00",9800
"21/9/2021, 23:58:00",9810
"22/9/2021, 23:58:00",9805
"23/9/2021, 23:58:00",9825
"24/9/2021, 23:58:00",9830
"25/9/2021, 23:58:00",9840
"26/9/2021, 23:58:00",9840
"27/9/2021, 23:58:00",9837
"28/9/2021, 23:58:00",9890
"29/9/2021, 23:58:00",9890
"30/9/2021, 23:58:00",9960
"1/10/2021, 23:58:00",9990
"2/10/2021, 23:58:00",10005
"3/10/2021, 23:58:00",10005
"4/10/2021, 23:58:00",9990
"5/10/2021, 23:58:00",9990
"6/10/2021, 23:58:00",9815.505
"7/10/2021, 23:58:00",10015
"8/10/2021, 23:58:00",10065
"9/10/2021, 23:58:00",9833.525
"10/10/2021, 23:58:00",10049.61
"11/10/2021, 23:58:00",9862.303
"12/10/2021, 23:58:00",10080
"13/10/2021, 23:58:00",10107
"14/10/2021, 23:58:00",10125
"15/10/2021, 23:58:00",10129
"16/10/2021, 23:58:00",10129
"17/10/2021, 23:58:00",10129
"18/10/2021, 23:58:00",10130
"19/10/2021, 23:58:00",10131
"20/10/2021, 23:58:00",10142
"21/10/2021, 23:58:00",10140
"22/10/2021, 23:58:00",10184
"23/10/2021, 23:58:00",10149.03
"24/10/2021, 23:58:00",10149.03
"25/10/2021, 23:58:00",10185
"26/10/2021, 23:58:00",10225
"27/10/2021, 23:58:00",10255
"28/10/2021, 23:58:00",10260
"29/10/2021, 23:58:00",10260
"30/10/2021, 23:58:00",10260
"31/10/2021, 23:58:00",10260
"1/11/2021, 23:58:00",10310
"2/11/2021, 23:58:00",10315
"3/11/2021, 23:58:00",10352
"4/11/2021, 23:58:00",10360
"5/11/2021, 23:58:00",10440
"6/11/2021, 23:58:00",10440
"7/11/2021, 23:58:00",10440
"8/11/2021, 23:58:00",10440
"9/11/2021, 23:58:00",10440
"10/11/2021, 23:58:00",10530
"11/11/2021, 23:58:00",10537.03
"12/11/2021, 23:58:00",10620
"13/11/2021, 23:58:00",10620
"14/11/2021, 23:58:00",10620
"15/11/2021, 23:58:00",10615
"16/11/2021, 23:58:00",10645
"17/11/2021, 23:58:00",10640
"18/11/2021, 23:58:00",10710
"19/11/2021, 23:58:00",10709.57
"20/11/2021, 23:58:00",10709.57
"21/11/2021, 23:58:00",10709.57
"22/11/2021, 23:58:00",10730
"23/11/2021, 23:58:00",10800
"24/11/2021, 23:58:00",10805
"25/11/2021, 23:58:00",10831.31
"26/11/2021, 23:58:00",10845
"27/11/2021, 23:58:00",10845
"28/11/2021, 23:58:00",10845
"29/11/2021, 23:58:00",10855
"30/11/2021, 23:58:00",10860
"1/12/2021, 23:58:00",10860
"2/12/2021, 23:58:00",10865
"3/12/2021, 23:58:00",10905
"4/12/2021, 23:58:00",10886.88
"5/12/2021, 23:58:00",10886.88
"6/12/2021, 23:58:00",10905
"7/12/2021, 23:58:00",10935
"8/12/2021, 23:58:00",10975
"9/12/2021, 23:58:00",10983.75
"10/12/2021, 23:58:00",11025
"11/12/2021, 23:58:00",10960.05
"12/12/2021, 23:58:00",10960.05
"13/12/2021, 23:58:00",11025
"14/12/2021, 23:58:00",11055
"15/12/2021, 23:58:00",11060
"16/12/2021, 23:58:00",11060
"17/12/2021, 23:58:00",11050
"18/12/2021, 23:58:00",11157.12
"19/12/2021, 23:58:00",11157.12
"20/12/2021, 23:58:00",11085
"21/12/2021, 23:58:00",11140
"22/12/2021, 23:58:00",11147
"23/12/2021, 23:58:00",11160
"24/12/2021, 23:58:00",11160
"25/12/2021, 23:58:00",11160
"26/12/2021, 23:58:00",11160
"27/12/2021, 23:58:00",11160
"28/12/2021, 23:58:00",11170
"29/12/2021, 23:58:00",11185
"30/12/2021, 23:58:00",11180
"31/12/2021, 23:58:00",11185
"1/1/2022, 23:58:00",11185
"2/1/2022, 23:58:00",11185
"3/1/2022, 23:58:00",11205
"4/1/2022, 23:58:00",11225
"5/1/2022, 23:58:00",11240
"6/1/2022, 23:58:00",11240
"7/1/2022, 23:58:00",11260
"8/1/2022, 23:58:00",11194.79
"9/1/2022, 23:58:00",11194.79
"10/1/2022, 23:58:00",11269
"11/1/2022, 23:58:00",11280
"12/1/2022, 23:58:00",11285
"13/1/2022, 23:58:00",11285
"14/1/2022, 23:58:00",11290
"15/1/2022, 23:58:00",11290
"16/1/2022, 23:58:00",11290
"17/1/2022, 23:58:00",11317.03
"18/1/2022, 23:58:00",11285
"19/1/2022, 23:58:00",11285
"20/1/2022, 23:58:00",11287.5
"21/1/2022, 23:58:00",11341.5
"22/1/2022, 23:58:00",11341.5
"23/1/2022, 23:58:00",11341.5
"24/1/2022, 23:58:00",11287.5
"25/1/2022, 23:58:00",11295
"26/1/2022, 23:58:00",11305
"27/1/2022, 23:58:00",11315
"28/1/2022, 23:58:00",11330
"29/1/2022, 23:58:00",11330
"30/1/2022, 23:58:00",11298.72
"31/1/2022, 23:58:00",11345
"1/2/2022, 23:58:00",11345
"2/2/2022, 23:58:00",11340
"3/2/2022, 23:58:00",11329
"4/2/2022, 23:58:00",11343
"5/2/2022, 23:58:00",11343
"6/2/2022, 23:58:00",11343
"7/2/2022, 23:58:00",11340
"8/2/2022, 23:58:00",11435.61
"9/2/2022, 23:58:00",11355
"10/2/2022, 23:58:00",11365
"11/2/2022, 23:58:00",11425
"12/2/2022, 23:58:00",11405.55
"13/2/2022, 23:58:00",11405.55
"14/2/2022, 23:58:00",11448.29
"15/2/2022, 23:58:00",11425
"16/2/2022, 23:58:00",11422.5
"17/2/2022, 23:58:00",11367.5
"18/2/2022, 23:58:00",11377
"19/2/2022, 23:58:00",11377
"20/2/2022, 23:58:00",11377
"21/2/2022, 23:58:00",11445.04
"22/2/2022, 23:58:00",11365
"23/2/2022, 23:58:00",11370
"24/2/2022, 23:58:00",11376
"25/2/2022, 23:58:00",11385
"26/2/2022, 23:58:00",11368.21
"27/2/2022, 23:58:00",11368.21
"28/2/2022, 23:58:00",11387.5
"1/3/2022, 23:58:00",11448.99
"2/3/2022, 23:58:00",11400
"3/3/2022, 23:58:00",11488.78
"4/3/2022, 23:58:00",11519.07
"5/3/2022, 23:58:00",11519.07
"6/3/2022, 23:58:00",11519.07
"7/3/2022, 23:58:00",11420
"8/3/2022, 23:58:00",11430
"9/3/2022, 23:58:00",11450
"10/3/2022, 23:58:00",11446.5
"11/3/2022, 23:58:00",11471.5
"12/3/2022, 23:58:00",11470
"13/3/2022, 23:58:00",11470
"14/3/2022, 23:58:00",11475
"15/3/2022, 23:58:00",11500
"16/3/2022, 23:58:00",11502.5
"17/3/2022, 23:58:00",11502.5
"18/3/2022, 23:58:00",11515
"19/3/2022, 23:58:00",11515
"20/3/2022, 23:58:00",11515
"21/3/2022, 23:58:00",11537.5
"22/3/2022, 23:58:00",11463.73
"23/3/2022, 23:58:00",11615
"24/3/2022, 23:58:00",11650
"25/3/2022, 23:58:00",11650
"26/3/2022, 23:58:00",11693.13
"27/3/2022, 23:58:00",11693.13
"28/3/2022, 23:58:00",11700
"29/3/2022, 23:58:00",11750
"30/3/2022, 23:58:00",11750
"31/3/2022, 23:58:00",11750
"1/4/2022, 23:58:00",11755
"2/4/2022, 23:58:00",11788.42
"3/4/2022, 23:58:00",11788.42
"4/4/2022, 23:58:00",11785
"5/4/2022, 23:58:00",11822.5
"6/4/2022, 23:58:00",11850
"7/4/2022, 23:58:00",11850
"8/4/2022, 23:58:00",11872.5
"9/4/2022, 23:58:00",11872.5
"10/4/2022, 23:58:00",11872.5
"11/4/2022, 23:58:00",11880
"12/4/2022, 23:58:00",11880
"13/4/2022, 23:58:00",11887.5
"14/4/2022, 23:58:00",11890
"15/4/2022, 23:58:00",11885
"16/4/2022, 23:58:00",11885
"17/4/2022, 23:58:00",11885
"18/4/2022, 23:58:00",11915
"19/4/2022, 23:58:00",11930
"20/4/2022, 23:58:00",11920
"21/4/2022, 23:58:00",11999.72
"22/4/2022, 23:58:00",12000
"23/4/2022, 23:58:00",12025.36
"24/4/2022, 23:58:00",12025.36
"25/4/2022, 23:58:00",12032.5
"26/4/2022, 23:58:00",12000
"27/4/2022, 23:58:00",12137.5
"28/4/2022, 23:58:00",12337.5
"29/4/2022, 23:58:00",12387.5
"30/4/2022, 23:58:00",12387.5
"1/5/2022, 23:58:00",12387.5
"2/5/2022, 23:58:00",12390
"3/5/2022, 23:58:00",12390
"4/5/2022, 23:58:00",12405
"5/5/2022, 23:58:00",12430
"6/5/2022, 23:58:00",12685
"7/5/2022, 23:58:00",12685
"8/5/2022, 23:58:00",12685
"9/5/2022, 23:58:00",12740
"10/5/2022, 23:58:00",12760
"11/5/2022, 23:58:00",12825
"12/5/2022, 23:58:00",12950
"13/5/2022, 23:58:00",13225
"14/5/2022, 23:58:00",13226
"15/5/2022, 23:58:00",13226
"16/5/2022, 23:58:00",13230.5
"17/5/2022, 23:58:00",13225
"18/5/2022, 23:58:00",13245
"19/5/2022, 23:58:00",13270
"20/5/2022, 23:58:00",13275
"21/5/2022, 23:58:00",13275
"22/5/2022, 23:58:00",13275
"23/5/2022, 23:58:00",13275
"24/5/2022, 23:58:00",13275
"25/5/2022, 23:58:00",13295
"26/5/2022, 23:58:00",13060
"27/5/2022, 23:58:00",13450
"28/5/2022, 23:58:00",13450
"29/5/2022, 23:58:00",13450
"30/5/2022, 23:58:00",13417.23
"31/5/2022, 23:58:00",13450
"1/6/2022, 23:58:00",13645
"2/6/2022, 23:58:00",13950
"3/6/2022, 23:58:00",13950
"4/6/2022, 23:58:00",13982.29
"5/6/2022, 23:58:00",13982.29
"6/6/2022, 23:58:00",14187.5
"7/6/2022, 23:58:00",14325
"8/6/2022, 23:58:00",14344.63
"9/6/2022, 23:58:00",14405
"10/6/2022, 23:58:00",14487.5
"11/6/2022, 23:58:00",14497.15
"12/6/2022, 23:58:00",14497.15
"13/6/2022, 23:58:00",14705
"14/6/2022, 23:58:00",14702.21
"15/6/2022, 23:58:00",14721.65
"16/6/2022, 23:58:00",14743.98
"17/6/2022, 23:58:00",14980
"18/6/2022, 23:58:00",15035.43
"19/6/2022, 23:58:00",15035.43
"20/6/2022, 23:58:00",15001.16
"21/6/2022, 23:58:00",15092.5
"22/6/2022, 23:58:00",15087.5
"23/6/2022, 23:58:00",14875
"24/6/2022, 23:58:00",14875
"25/6/2022, 23:58:00",14875
"26/6/2022, 23:58:00",14875
"27/6/2022, 23:58:00",14875
"28/6/2022, 23:58:00",14898.43
"29/6/2022, 23:58:00",15008.36
"30/6/2022, 23:58:00",15031.6
"1/7/2022, 23:58:00",15013.54
"2/7/2022, 23:58:00",15013.54
"3/7/2022, 23:58:00",15013.54
"4/7/2022, 23:58:00",15016.81
"5/7/2022, 23:58:00",15015.63
"6/7/2022, 23:58:00",15023.5
"7/7/2022, 23:58:00",15041.8
"8/7/2022, 23:58:00",14967.08
"9/7/2022, 23:58:00",14955.03
"10/7/2022, 23:58:00",14955.03
"11/7/2022, 23:58:00",15050.52
"12/7/2022, 23:58:00",15018.33
"13/7/2022, 23:58:00",15028.57
"14/7/2022, 23:58:00",15030.75
"15/7/2022, 23:58:00",15038.74
"16/7/2022, 23:58:00",15009.33
"17/7/2022, 23:58:00",15009.33
"18/7/2022, 23:58:00",15033.87
"19/7/2022, 23:58:00",15044.82
"20/7/2022, 23:58:00",15027.04
"21/7/2022, 23:58:00",15036.94
"22/7/2022, 23:58:00",15064.02
"23/7/2022, 23:58:00",14989.62
"24/7/2022, 23:58:00",14989.62
"25/7/2022, 23:58:00",15052.11
"26/7/2022, 23:58:00",15059.3
"27/7/2022, 23:58:00",15116.65
"28/7/2022, 23:58:00",15555
"29/7/2022, 23:58:00",14875
"30/7/2022, 23:58:00",14875
"31/7/2022, 23:58:00",14875
"1/8/2022, 23:58:00",15100
"2/8/2022, 23:58:00",15105
"3/8/2022, 23:58:00",15225
"4/8/2022, 23:58:00",15230
"5/8/2022, 23:58:00",15225
"6/8/2022, 23:58:00",15289.05
"7/8/2022, 23:58:00",15289.05
"8/8/2022, 23:58:00",15235
"9/8/2022, 23:58:00",15230
"10/8/2022, 23:58:00",15227.5
"11/8/2022, 23:58:00",15225
"12/8/2022, 23:58:00",15230
"13/8/2022, 23:58:00",15230
"14/8/2022, 23:58:00",15230
"15/8/2022, 23:58:00",15240
"16/8/2022, 23:58:00",15250
"17/8/2022, 23:58:00",15244.97
"18/8/2022, 23:58:00",15250
"19/8/2022, 23:58:00",15265
"20/8/2022, 23:58:00",15272.64
"21/8/2022, 23:58:00",15272.64
"22/8/2022, 23:58:00",15280
"23/8/2022, 23:58:00",15280
"24/8/2022, 23:58:00",15285
"25/8/2022, 23:58:00",15300
"26/8/2022, 23:58:00",15300
"27/8/2022, 23:58:00",15359.99
"28/8/2022, 23:58:00",15359.99
"29/8/2022, 23:58:00",15380
"30/8/2022, 23:58:00",15385
"31/8/2022, 23:58:00",15440
"1/9/2022, 23:58:00",15487.5
"2/9/2022, 23:58:00",15610
"3/9/2022, 23:58:00",15610
"4/9/2022, 23:58:00",15610
"5/9/2022, 23:58:00",15660
"6/9/2022, 23:58:00",15675
"7/9/2022, 23:58:00",15750
"8/9/2022, 23:58:00",15755
"9/9/2022, 23:58:00",15770
"10/9/2022, 23:58:00",15618.81
"11/9/2022, 23:58:00",15618.81
"12/9/2022, 23:58:00",15775
"13/9/2022, 23:58:00",15775
"14/9/2022, 23:58:00",15748.27
"15/9/2022, 23:58:00",15925
"16/9/2022, 23:58:00",15925
"17/9/2022, 23:58:00",15544.81
"18/9/2022, 23:58:00",15544.81
"19/9/2022, 23:58:00",15970
"20/9/2022, 23:58:00",15970
"21/9/2022, 23:58:00",16025
"22/9/2022, 23:58:00",16200
"23/9/2022, 23:58:00",16225
"24/9/2022, 23:58:00",16291.14
"25/9/2022, 23:58:00",16291.14
"26/9/2022, 23:58:00",16225
"27/9/2022, 23:58:00",16465
"28/9/2022, 23:58:00",16505
"29/9/2022, 23:58:00",16530
"30/9/2022, 23:58:00",16525
"1/10/2022, 23:58:00",16525
"2/10/2022, 23:58:00",16525
"3/10/2022, 23:58:00",16525
"4/10/2022, 23:58:00",16565.76
"5/10/2022, 23:58:00",16621.48
"6/10/2022, 23:58:00",16625
"7/10/2022, 23:58:00",16625
"8/10/2022, 23:58:00",16720.27
"9/10/2022, 23:58:00",16720.27
"10/10/2022, 23:58:00",16625
"11/10/2022, 23:58:00",16825
"12/10/2022, 23:58:00",16850
"13/10/2022, 23:58:00",16855
"14/10/2022, 23:58:00",16855
"15/10/2022, 23:58:00",16855
"16/10/2022, 23:58:00",16855
"17/10/2022, 23:58:00",16905
"18/10/2022, 23:58:00",16905
"19/10/2022, 23:58:00",16900
"20/10/2022, 23:58:00",16900
"21/10/2022, 23:58:00",16895
"22/10/2022, 23:58:00",17113.36
"23/10/2022, 23:58:00",17113.36
"24/10/2022, 23:58:00",16895
"25/10/2022, 23:58:00",16850
"26/10/2022, 23:58:00",16890
"27/10/2022, 23:58:00",16875
"28/10/2022, 23:58:00",16925
"29/10/2022, 23:58:00",16925
"30/10/2022, 23:58:00",16925
"31/10/2022, 23:58:00",16925
"1/11/2022, 23:58:00",16940
"2/11/2022, 23:58:00",16945
"3/11/2022, 23:58:00",16950
"4/11/2022, 23:58:00",16950
"5/11/2022, 23:58:00",17007.06
"6/11/2022, 23:58:00",17128.53
"7/11/2022, 23:58:00",16950
"8/11/2022, 23:58:00",16797.5
"9/11/2022, 23:58:00",16950
"10/11/2022, 23:58:00",16955
"11/11/2022, 23:58:00",16955
"12/11/2022, 23:58:00",17181.3
"13/11/2022, 23:58:00",17181.3
"14/11/2022, 23:58:00",16940
"15/11/2022, 23:58:00",16950
"16/11/2022, 23:58:00",16950
"17/11/2022, 23:58:00",18447.5
"18/11/2022, 23:58:00",18450
"19/11/2022, 23:58:00",18450
"20/11/2022, 23:58:00",18450
"21/11/2022, 23:58:00",16930
"22/11/2022, 23:58:00",16930
"23/11/2022, 23:58:00",16935
"24/11/2022, 23:58:00",17303.62
"25/11/2022, 23:58:00",16935
"26/11/2022, 23:58:00",16935
"27/11/2022, 23:58:00",16935
"28/11/2022, 23:58:00",16822.5
"29/11/2022, 23:58:00",16705
"30/11/2022, 23:58:00",17320
"1/12/2022, 23:58:00",17350
"2/12/2022, 23:58:00",17355
"3/12/2022, 23:58:00",17317.3
"4/12/2022, 23:58:00",17317.3
"5/12/2022, 23:58:00",17352.23
"6/12/2022, 23:58:00",17325
"7/12/2022, 23:58:00",17340
"8/12/2022, 23:58:00",17340
"9/12/2022, 23:58:00",17340
"10/12/2022, 23:58:00",17305.08
"11/12/2022, 23:58:00",17305.08
"12/12/2022, 23:58:00",17282.65
"13/12/2022, 23:58:00",17335
"14/12/2022, 23:58:00",17330
"15/12/2022, 23:58:00",17320
"16/12/2022, 23:58:00",17340
"17/12/2022, 23:58:00",17346.38
"18/12/2022, 23:58:00",17346.38
"19/12/2022, 23:58:00",17326.27
"20/12/2022, 23:58:00",17345
"21/12/2022, 23:58:00",17355
"22/12/2022, 23:58:00",17350
"23/12/2022, 23:58:00",17340
"24/12/2022, 23:58:00",17340
"25/12/2022, 23:58:00",17340
"26/12/2022, 23:58:00",17340
"27/12/2022, 23:58:00",17335
"28/12/2022, 23:58:00",17345
"29/12/2022, 23:58:00",17345
"30/12/2022, 23:58:00",17340
"31/12/2022, 23:58:00",17340
"1/1/2023, 23:58:00",17340
"2/1/2023, 23:58:00",17346.67
"3/1/2023, 23:58:00",17330
"4/1/2023, 23:58:00",17335
"5/1/2023, 23:58:00",17255
"6/1/2023, 23:58:00",17180
"7/1/2023, 23:58:00",17180
"8/1/2023, 23:58:00",17180
"9/1/2023, 23:58:00",17185
"10/1/2023, 23:58:00",17125
"11/1/2023, 23:58:00",17130
"12/1/2023, 23:58:00",17125
"13/1/2023, 23:58:00",17035
"14/1/2023, 23:58:00",16814.21
"15/1/2023, 23:58:00",16814.21
"16/1/2023, 23:58:00",16868.64
"17/1/2023, 23:58:00",16850
"18/1/2023, 23:58:00",16865
"19/1/2023, 23:58:00",16865
"20/1/2023, 23:58:00",16858.54
"21/1/2023, 23:58:00",16858.54
"22/1/2023, 23:58:00",16858.54
"23/1/2023, 23:58:00",16850
"24/1/2023, 23:58:00",16840
"25/1/2023, 23:58:00",16840
"26/1/2023, 23:58:00",16842.5
"27/1/2023, 23:58:00",16835
"28/1/2023, 23:58:00",16847.29
"29/1/2023, 23:58:00",16847.29
"30/1/2023, 23:58:00",16836.32
"31/1/2023, 23:58:00",16842.23
"1/2/2023, 23:58:00",16840
"2/2/2023, 23:58:00",16835
"3/2/2023, 23:58:00",16840.72
"4/2/2023, 23:58:00",16997.65
"5/2/2023, 23:58:00",16997.65
"6/2/2023, 23:58:00",16921
"7/2/2023, 23:58:00",16935
"8/2/2023, 23:58:00",16925
"9/2/2023, 23:58:00",16935
"10/2/2023, 23:58:00",16930
"11/2/2023, 23:58:00",16839.71
"12/2/2023, 23:58:00",16839.71
"13/2/2023, 23:58:00",16854.01
"14/2/2023, 23:58:00",16930
"15/2/2023, 23:58:00",16925
"16/2/2023, 23:58:00",16929.39
"17/2/2023, 23:58:00",16932.5
"18/2/2023, 23:58:00",16705.87
"19/2/2023, 23:58:00",16761.45
"20/2/2023, 23:58:00",16858.14
"21/2/2023, 23:58:00",16866.53
"22/2/2023, 23:58:00",16854.79
"23/2/2023, 23:58:00",16860.77
"24/2/2023, 23:58:00",16940.5
"25/2/2023, 23:58:00",16854.28
"26/2/2023, 23:58:00",16854.28
"27/2/2023, 23:58:00",16935
"28/2/2023, 23:58:00",16945
"1/3/2023, 23:58:00",16960
"2/3/2023, 23:58:00",18434
"3/3/2023, 23:58:00",18442
"4/3/2023, 23:58:00",18442
"5/3/2023, 23:58:00",18442
"6/3/2023, 23:58:00",16930
"7/3/2023, 23:58:00",16920
"8/3/2023, 23:58:00",16935
"9/3/2023, 23:58:00",16960
"10/3/2023, 23:58:00",16785.19
"11/3/2023, 23:58:00",16789.93
"12/3/2023, 23:58:00",16789.93
"13/3/2023, 23:58:00",16960
"14/3/2023, 23:58:00",16942.5
"15/3/2023, 23:58:00",16959
"16/3/2023, 23:58:00",16959
"17/3/2023, 23:58:00",16820
"18/3/2023, 23:58:00",16644.87
"19/3/2023, 23:58:00",16644.87
"20/3/2023, 23:58:00",16883.65
"21/3/2023, 23:58:00",16893.8
"22/3/2023, 23:58:00",16893.8
"23/3/2023, 23:58:00",16896.22
"24/3/2023, 23:58:00",16852.89
"25/3/2023, 23:58:00",16908.6
"26/3/2023, 23:58:00",16908.6
"27/3/2023, 23:58:00",16980
"28/3/2023, 23:58:00",16874.11
"29/3/2023, 23:58:00",16982.5
"30/3/2023, 23:58:00",16990
"31/3/2023, 23:58:00",17005
"1/4/2023, 23:58:00",17005
"2/4/2023, 23:58:00",17005
"3/4/2023, 23:58:00",17005
"4/4/2023, 23:58:00",17180
"5/4/2023, 23:58:00",17170
"6/4/2023, 23:58:00",17110.17
"7/4/2023, 23:58:00",17190
"8/4/2023, 23:58:00",17007.5
"9/4/2023, 23:58:00",17007.5
"10/4/2023, 23:58:00",17200
"11/4/2023, 23:58:00",17210
"12/4/2023, 23:58:00",17205
"13/4/2023, 23:58:00",17205
"14/4/2023, 23:58:00",17200
"15/4/2023, 23:58:00",17129.09
"16/4/2023, 23:58:00",17129.09
"17/4/2023, 23:58:00",17205
"18/4/2023, 23:58:00",17205
"19/4/2023, 23:58:00",17132.32
"20/4/2023, 23:58:00",17225
"21/4/2023, 23:58:00",17225
"22/4/2023, 23:58:00",17225
"23/4/2023, 23:58:00",17225
"24/4/2023, 23:58:00",17091.53
"25/4/2023, 23:58:00",17225
"26/4/2023, 23:58:00",17275
"27/4/2023, 23:58:00",17325
"28/4/2023, 23:58:00",17340
"29/4/2023, 23:58:00",17045.06
"30/4/2023, 23:58:00",17045.06
"1/5/2023, 23:58:00",17335
"2/5/2023, 23:58:00",17425
"3/5/2023, 23:58:00",17435
"4/5/2023, 23:58:00",17425
"5/5/2023, 23:58:00",17475
"6/5/2023, 23:58:00",17475
"7/5/2023, 23:58:00",17475
"8/5/2023, 23:58:00",17475
"9/5/2023, 23:58:00",17480
"10/5/2023, 23:58:00",17480
"11/5/2023, 23:58:00",17550
"12/5/2023, 23:58:00",17565.5
"13/5/2023, 23:58:00",17469.72
"14/5/2023, 23:58:00",17469.72
"15/5/2023, 23:58:00",17560
"16/5/2023, 23:58:00",17565
"17/5/2023, 23:58:00",17565
"18/5/2023, 23:58:00",17572
"19/5/2023, 23:58:00",17625
"20/5/2023, 23:58:00",17571.03
"21/5/2023, 23:58:00",17571.03
"22/5/2023, 23:58:00",17615
"23/5/2023, 23:58:00",17615
"24/5/2023, 23:58:00",17625
"25/5/2023, 23:58:00",17637.5
"26/5/2023, 23:58:00",17675
"27/5/2023, 23:58:00",17675
"28/5/2023, 23:58:00",17715.35
"29/5/2023, 23:58:00",17686.36
"30/5/2023, 23:58:00",17760